title,company,location,dates,bullets,personal_info.name,seniority,education,technical_skills,projects,leadership_awards
Software Engineer,Global Systems,"City Center, ST",2018-Present,"['Designed and implemented microservices architecture.', 'Improved application performance by 30% through optimizations.', 'Mentored junior developers on best practices.']",Jordan White,mid,"[{'degree': ""Master's"", 'major': 'Software Engineering', 'school': 'Tech University', 'location': 'Tech City, ST', 'dates': '2016-2018'}]","['Java', 'Spring', 'Microservices', 'Docker']","[{'name': 'Inventory Management System', 'technologies': ['Java', 'Spring', 'MySQL'], 'description': 'Developed a system for managing inventory across multiple locations.'}]",['Employee of the Month - June 2020']
Full Stack Developer,Dev Studio,"Dev City, ST",2018-Present,"['Developed full stack applications using MERN stack.', 'Reduced load times by 40% through code refactoring.', 'Collaborated with designers to deliver user-friendly interfaces.']",Alex Kim,mid,"[{'degree': ""Bachelor's"", 'major': 'Computer Science', 'school': 'State University', 'location': 'State City, ST', 'dates': '2013-2017'}]","['JavaScript', 'Node.js', 'MongoDB', 'React']","[{'name': 'Social Media Platform', 'technologies': ['JavaScript', 'Node.js', 'MongoDB'], 'description': 'Built a social media application with user authentication.'}]",['Best Innovation Award - 2021']
Backend Developer,Tech Innovations,"Innovation City, ST",2018-Present,"['Built RESTful APIs to support frontend applications.', 'Increased application security by implementing OAuth.', 'Worked with cross-functional teams to deliver projects.']",Jordan Taylor,mid,"[{'degree': ""Bachelor's"", 'major': 'Information Systems', 'school': 'Tech Institute', 'location': 'Tech City, ST', 'dates': '2014-2018'}]","['Python', 'Django', 'PostgreSQL', 'REST APIs']","[{'name': 'Project Management Tool', 'technologies': ['Python', 'Django', 'PostgreSQL'], 'description': 'Developed a tool for project tracking and management.'}]",[]
Software Engineer,Game Dev Co.,"Game City, ST",2019-Present,"['Developed graphics rendering engine using OpenGL.', 'Collaborated with artists to enhance visual effects.', 'Optimized game performance, resulting in smoother gameplay.']",Jamie Lee,mid,"[{'degree': ""Bachelor's"", 'major': 'Software Engineering', 'school': 'Top University', 'location': 'Top City, ST', 'dates': '2015-2019'}]","['C++', 'Qt', 'OpenGL']","[{'name': '3D Game Engine', 'technologies': ['C++', 'OpenGL'], 'description': 'Created a 3D game engine for developing video games.'}]",['Best Game Design Award - 2021']
Cloud Software Engineer,Cloud Tech,"Cloud City, ST",2019-Present,"['Designed cloud-native applications on AWS.', 'Implemented CI/CD pipelines to automate deployments.', 'Enhanced system reliability by using Kubernetes.']",Chris Martin,mid,"[{'degree': ""Bachelor's"", 'major': 'Computer Science', 'school': 'University of Science', 'location': 'Science Town, ST', 'dates': '2015-2019'}]","['Java', 'Spring Boot', 'AWS', 'Kubernetes']","[{'name': 'Cloud Storage Solution', 'technologies': ['Java', 'AWS', 'Kubernetes'], 'description': 'Built a scalable cloud storage solution for clients.'}]",[]
Senior Web Developer,Web Solutions Inc.,"Web City, ST",2019-Present,"['Led development of key web projects for clients.', 'Improved application load time by 50% through optimization.', 'Coordinated with product teams to align on goals.']",Morgan Davis,mid,"[{'degree': ""Master's"", 'major': 'Software Engineering', 'school': 'Tech University', 'location': 'Tech City, ST', 'dates': '2017-2019'}]","['Ruby', 'Rails', 'JavaScript', 'React']","[{'name': 'E-commerce Platform Revamp', 'technologies': ['Ruby', 'Rails', 'JavaScript'], 'description': 'Redesigned an existing e-commerce platform for better usability.'}]",[]
Web Developer,Digital Agency,"Agency City, ST",2018-Present,"['Developed dynamic websites using PHP and Laravel.', 'Increased user engagement by 30% through design changes.', 'Worked closely with clients to gather requirements.']",Taylor Wilson,mid,"[{'degree': ""Bachelor's"", 'major': 'Computer Science', 'school': 'Tech University', 'location': 'Tech City, ST', 'dates': '2014-2018'}]","['PHP', 'Laravel', 'MySQL', 'HTML']","[{'name': 'Custom CMS', 'technologies': ['PHP', 'Laravel', 'MySQL'], 'description': 'Created a custom content management system for clients.'}]",[]
Lead Software Engineer,Enterprise Solutions,"Enterprise City, ST",2015-Present,"['Led a team of developers in delivering complex projects.', 'Architected microservices solutions for scalability.', 'Increased system uptime to 99.9% through monitoring.']",Jordan Harris,senior,"[{'degree': ""Master's"", 'major': 'Computer Science', 'school': 'Prestige University', 'location': 'Prestige City, ST', 'dates': '2012-2014'}]","['Java', 'Spring', 'Microservices', 'Kubernetes']","[{'name': 'Enterprise Resource Planning System', 'technologies': ['Java', 'Spring', 'PostgreSQL'], 'description': 'Developed an ERP system for enterprise clients.'}]",['Employee of the Year - 2020']
Senior Software Developer,Tech Innovations,"Tech City, ST",2014-Present,"['Designed and implemented machine learning algorithms.', 'Reduced processing time by 25% through optimizations.', 'Mentored junior developers in best coding practices.']",Alex Thompson,senior,"[{'degree': ""Master's"", 'major': 'Software Engineering', 'school': 'Tech University', 'location': 'Tech City, ST', 'dates': '2011-2013'}]","['C#', '.NET', 'Azure', 'Machine Learning']","[{'name': 'Predictive Analytics Tool', 'technologies': ['C#', '.NET', 'Azure'], 'description': 'Developed a tool for predictive analytics using machine learning.'}]",[]
Technical Architect,Cloud Solutions,"Cloud City, ST",2015-Present,"['Architected cloud solutions to meet client needs.', 'Improved system performance by 35% through redesign.', 'Provided technical guidance to development teams.']",Jamie Martinez,senior,"[{'degree': ""Bachelor's"", 'major': 'Information Technology', 'school': 'University of Science', 'location': 'Science Town, ST', 'dates': '2010-2014'}]","['Python', 'Django', 'AWS', 'Microservices']","[{'name': 'Cloud Migration Project', 'technologies': ['Python', 'AWS', 'Django'], 'description': 'Led a project to migrate legacy systems to the cloud.'}]",['Outstanding Achievement Award - 2021']
Senior Software Engineer,Global Enterprises,"Global City, ST",2016-Present,"['Led development of scalable microservices architectures.', 'Implemented CI/CD processes to streamline deployments.', 'Achieved 99.8% uptime through proactive monitoring.']",Chris Rodriguez,senior,"[{'degree': ""Master's"", 'major': 'Software Engineering', 'school': 'Prestige University', 'location': 'Prestige City, ST', 'dates': '2013-2015'}]","['Java', 'Spring', 'Microservices', 'DevOps']","[{'name': 'Scalable Payment Processing System', 'technologies': ['Java', 'Spring', 'AWS'], 'description': 'Developed a payment processing system capable of handling high traffic.'}]",[]
Software Engineering Intern,Tech Solutions,"Tech Town, ST",Summer 2022,"['Developed web features to enhance user experience.', 'Collaborated with designers to implement UI changes.', 'Tested and debugged applications to ensure functionality.']",Alex Johnson,junior,"[{'degree': ""Bachelor's"", 'major': 'Computer Science', 'school': 'State University', 'location': 'State City, ST', 'dates': '2019-2023'}]","['Java', 'HTML', 'CSS', 'JavaScript', 'React']","[{'name': 'Personal Portfolio Website', 'technologies': ['HTML', 'CSS', 'JavaScript'], 'description': 'Created a responsive personal portfolio to showcase projects.'}]",[]
Software Development Intern,Innovatech,"Innovation City, ST",Summer 2023,"['Assisted in developing applications with Python.', 'Participated in code reviews to improve code quality.', 'Documented software features for user guides.']",Jamie Smith,junior,"[{'degree': ""Bachelor's"", 'major': 'Computer Engineering', 'school': 'Tech Institute', 'location': 'Tech City, ST', 'dates': '2020-2024'}]","['Python', 'Django', 'HTML', 'CSS']","[{'name': 'Task Management App', 'technologies': ['Python', 'Flask', 'SQLite'], 'description': 'Developed a simple task management application for users.'}]",[]
Junior Developer Intern,NextGen Tech,"Future City, ST",Summer 2022,"['Developed backend services using Java and Spring.', 'Wrote unit tests to ensure code reliability.', 'Participated in team meetings to discuss project progress.']",Chris Lee,junior,"[{'degree': ""Bachelor's"", 'major': 'Software Engineering', 'school': 'Tech University', 'location': 'Tech Town, ST', 'dates': '2019-2023'}]","['Java', 'Spring', 'MySQL', 'HTML']","[{'name': 'E-commerce Website', 'technologies': ['Java', 'Spring', 'MySQL'], 'description': 'Created an e-commerce platform allowing users to purchase items online.'}]",[]
IT Intern,Cloud Innovations,"Cloud City, ST",Summer 2023,"['Assisted in developing cloud applications using C#.', 'Supported team in migrating services to Azure.', 'Documented technical processes for future reference.']",Morgan Brown,junior,"[{'degree': ""Bachelor's"", 'major': 'Information Technology', 'school': 'City College', 'location': 'City Town, ST', 'dates': '2021-2025'}]","['C#', '.NET', 'Azure', 'JavaScript']","[{'name': 'Weather Application', 'technologies': ['C#', '.NET', 'JavaScript'], 'description': 'Built a weather application using external API for data.'}]",[]
Software Engineering Intern,Web Solutions,"Web City, ST",Summer 2023,"['Developed web applications using Ruby on Rails.', 'Participated in daily stand-ups to discuss progress.', 'Assisted in debugging issues reported by users.']",Taylor Green,junior,"[{'degree': ""Bachelor's"", 'major': 'Computer Science', 'school': 'University of Tech', 'location': 'Tech City, ST', 'dates': '2020-2024'}]","['Ruby', 'Rails', 'HTML', 'CSS']","[{'name': 'Blog Platform', 'technologies': ['Ruby', 'Rails', 'PostgreSQL'], 'description': 'Created a blogging platform where users can post articles.'}]",[]
